time,open,high,low,close,tick_volume
2025-06-16 03:35:00,1.15419,1.15436,1.15411,1.15414,296
2025-06-16 03:40:00,1.15414,1.15419,1.1538,1.15385,196
2025-06-16 03:45:00,1.15385,1.15386,1.15364,1.15367,219
2025-06-16 03:50:00,1.15367,1.15368,1.15309,1.15341,301
2025-06-16 03:55:00,1.1534,1.15356,1.15315,1.15348,187
2025-06-16 04:00:00,1.15343,1.15408,1.15327,1.15406,332
2025-06-16 04:05:00,1.15406,1.15406,1.15325,1.15337,287
2025-06-16 04:10:00,1.15337,1.15401,1.15337,1.15388,241
2025-06-16 04:15:00,1.15388,1.15407,1.15371,1.15387,201
2025-06-16 04:20:00,1.15387,1.15411,1.15381,1.15381,264
2025-06-16 04:25:00,1.15381,1.15387,1.1536,1.15381,247
2025-06-16 04:30:00,1.15381,1.15444,1.15376,1.15412,329
2025-06-16 04:35:00,1.15412,1.15415,1.15325,1.15368,318
2025-06-16 04:40:00,1.15366,1.15374,1.15332,1.1537,260
2025-06-16 04:45:00,1.1537,1.15395,1.15356,1.1536,240
2025-06-16 04:50:00,1.1536,1.15386,1.15333,1.15336,257
2025-06-16 04:55:00,1.15336,1.1536,1.1532,1.15323,197
2025-06-16 05:00:00,1.15323,1.15331,1.15293,1.15317,270
2025-06-16 05:05:00,1.15313,1.15337,1.15264,1.15328,331
2025-06-16 05:10:00,1.15328,1.15351,1.15322,1.15323,261
2025-06-16 05:15:00,1.15323,1.15351,1.15306,1.15342,246
2025-06-16 05:20:00,1.15342,1.15364,1.15337,1.15356,288
2025-06-16 05:25:00,1.15356,1.15363,1.15312,1.15321,251
2025-06-16 05:30:00,1.15321,1.15325,1.15309,1.15312,208
2025-06-16 05:35:00,1.15312,1.15333,1.1529,1.15322,181
2025-06-16 05:40:00,1.15322,1.15336,1.15299,1.15321,226
2025-06-16 05:45:00,1.15321,1.15344,1.15302,1.15333,154
2025-06-16 05:50:00,1.15333,1.15362,1.15329,1.15346,196
2025-06-16 05:55:00,1.15346,1.15348,1.1529,1.15304,246
2025-06-16 06:00:00,1.15304,1.15322,1.15293,1.15314,208
2025-06-16 06:05:00,1.15314,1.1535,1.153,1.15302,189
2025-06-16 06:10:00,1.15302,1.15304,1.15271,1.15292,188
2025-06-16 06:15:00,1.15292,1.15293,1.15258,1.15261,153
2025-06-16 06:20:00,1.15261,1.15303,1.15237,1.15294,265
2025-06-16 06:25:00,1.15294,1.15324,1.15294,1.15315,211
2025-06-16 06:30:00,1.15315,1.15332,1.15287,1.15321,159
2025-06-16 06:35:00,1.15321,1.15334,1.15286,1.15291,141
2025-06-16 06:40:00,1.15291,1.15309,1.15283,1.15291,167
2025-06-16 06:45:00,1.15291,1.15299,1.15263,1.15266,155
2025-06-16 06:50:00,1.15266,1.15289,1.15262,1.15266,214
2025-06-16 06:55:00,1.15266,1.15278,1.15251,1.15274,204
2025-06-16 07:00:00,1.15274,1.1531,1.15272,1.15308,286
2025-06-16 07:05:00,1.15308,1.15315,1.15288,1.153,143
2025-06-16 07:10:00,1.153,1.15341,1.15293,1.1532,221
2025-06-16 07:15:00,1.1532,1.15337,1.15315,1.15319,125
2025-06-16 07:20:00,1.15319,1.1534,1.15317,1.15331,105
2025-06-16 07:25:00,1.15331,1.15364,1.15328,1.15348,155
2025-06-16 07:30:00,1.15348,1.15371,1.15346,1.15367,110
2025-06-16 07:35:00,1.15367,1.15367,1.15335,1.15355,124
2025-06-16 07:40:00,1.15355,1.15361,1.15336,1.15348,173
2025-06-16 07:45:00,1.15348,1.15358,1.15338,1.15342,160
2025-06-16 07:50:00,1.15342,1.15357,1.15322,1.15356,169
2025-06-16 07:55:00,1.15356,1.15367,1.15338,1.15359,152
2025-06-16 08:00:00,1.1536,1.15415,1.15358,1.15401,253
2025-06-16 08:05:00,1.15401,1.15454,1.15373,1.15448,216
2025-06-16 08:10:00,1.15448,1.15484,1.15437,1.15462,264
2025-06-16 08:15:00,1.15462,1.15512,1.1546,1.15476,319
2025-06-16 08:20:00,1.15476,1.15545,1.15474,1.15544,212
2025-06-16 08:25:00,1.15544,1.15584,1.15537,1.15559,244
2025-06-16 08:30:00,1.15559,1.15602,1.15555,1.15597,250
2025-06-16 08:35:00,1.15597,1.15626,1.15573,1.15599,207
2025-06-16 08:40:00,1.15599,1.15606,1.15556,1.15565,223
2025-06-16 08:45:00,1.15565,1.15589,1.1556,1.15587,153
2025-06-16 08:50:00,1.15587,1.15619,1.15569,1.15604,292
2025-06-16 08:55:00,1.15603,1.15613,1.15567,1.15569,203
2025-06-16 09:00:00,1.15569,1.15585,1.15548,1.15569,307
2025-06-16 09:05:00,1.15569,1.15602,1.15543,1.15545,277
2025-06-16 09:10:00,1.15545,1.15547,1.155,1.15525,309
2025-06-16 09:15:00,1.15525,1.15548,1.15467,1.15472,254
2025-06-16 09:20:00,1.15472,1.15519,1.15457,1.15459,307
2025-06-16 09:25:00,1.15459,1.15496,1.15405,1.15429,333
2025-06-16 09:30:00,1.15429,1.15513,1.15399,1.15497,343
2025-06-16 09:35:00,1.15497,1.15544,1.15484,1.15524,345
2025-06-16 09:40:00,1.15524,1.15595,1.15489,1.15595,350
2025-06-16 09:45:00,1.15597,1.15615,1.1558,1.15612,259
2025-06-16 09:50:00,1.15612,1.15761,1.15612,1.15705,489
2025-06-16 09:55:00,1.15705,1.15746,1.15702,1.15737,485
2025-06-16 10:00:00,1.15736,1.15741,1.15694,1.15703,435
2025-06-16 10:05:00,1.15703,1.15745,1.1568,1.15713,331
2025-06-16 10:10:00,1.15715,1.15743,1.1567,1.15681,446
2025-06-16 10:15:00,1.15681,1.15754,1.15678,1.15747,372
2025-06-16 10:20:00,1.15747,1.15844,1.15747,1.15803,397
2025-06-16 10:25:00,1.15803,1.15835,1.15781,1.15821,388
2025-06-16 10:30:00,1.15821,1.15861,1.15796,1.15807,445
2025-06-16 10:35:00,1.15807,1.15819,1.15777,1.15801,283
2025-06-16 10:40:00,1.158,1.15842,1.15797,1.15824,306
2025-06-16 10:45:00,1.15824,1.1584,1.15819,1.15826,234
2025-06-16 10:50:00,1.15824,1.15865,1.15792,1.15806,273
2025-06-16 10:55:00,1.15806,1.1582,1.15767,1.15782,420
2025-06-16 11:00:00,1.15782,1.15799,1.15774,1.15786,340
2025-06-16 11:05:00,1.15786,1.15788,1.15757,1.15773,244
2025-06-16 11:10:00,1.15773,1.15809,1.15752,1.15805,267
2025-06-16 11:15:00,1.15805,1.15816,1.15787,1.15797,248
2025-06-16 11:20:00,1.15797,1.15817,1.15788,1.15804,269
2025-06-16 11:25:00,1.15804,1.15808,1.15764,1.15795,298
2025-06-16 11:30:00,1.15795,1.15823,1.15789,1.15823,267
2025-06-16 11:35:00,1.15823,1.15848,1.15801,1.1584,219
2025-06-16 11:40:00,1.1584,1.15841,1.15803,1.15828,267
2025-06-16 11:45:00,1.15828,1.15831,1.15772,1.15802,256
2025-06-16 11:50:00,1.15802,1.15835,1.15784,1.15832,282
2025-06-16 11:55:00,1.15832,1.15841,1.15773,1.1578,385
2025-06-16 12:00:00,1.1578,1.15803,1.15765,1.15801,336
2025-06-16 12:05:00,1.15801,1.15819,1.1578,1.15807,205
2025-06-16 12:10:00,1.15807,1.15834,1.15798,1.15811,241
2025-06-16 12:15:00,1.15811,1.15815,1.15769,1.15808,246
2025-06-16 12:20:00,1.15808,1.1581,1.15761,1.15777,311
2025-06-16 12:25:00,1.15778,1.15789,1.15769,1.15786,231
2025-06-16 12:30:00,1.15786,1.15797,1.15763,1.15775,317
2025-06-16 12:35:00,1.15775,1.15798,1.15764,1.15793,239
2025-06-16 12:40:00,1.15793,1.15826,1.15767,1.1577,281
2025-06-16 12:45:00,1.1577,1.15801,1.15768,1.15787,219
2025-06-16 12:50:00,1.15787,1.15832,1.15785,1.15824,209
2025-06-16 12:55:00,1.15823,1.15848,1.15798,1.15846,286
2025-06-16 13:00:00,1.15846,1.15859,1.15826,1.15833,241
2025-06-16 13:05:00,1.15833,1.15839,1.1579,1.15814,218
2025-06-16 13:10:00,1.15814,1.15826,1.15776,1.15776,243
2025-06-16 13:15:00,1.15776,1.15781,1.15724,1.15745,199
2025-06-16 13:20:00,1.15745,1.15751,1.1573,1.15749,164
2025-06-16 13:25:00,1.15749,1.15783,1.15729,1.15773,215
2025-06-16 13:30:00,1.15773,1.15791,1.15759,1.15779,204
2025-06-16 13:35:00,1.15778,1.15801,1.15758,1.15801,188
2025-06-16 13:40:00,1.15801,1.15832,1.15801,1.15828,229
2025-06-16 13:45:00,1.15828,1.15834,1.15796,1.15826,212
2025-06-16 13:50:00,1.15826,1.15826,1.15764,1.15765,240
2025-06-16 13:55:00,1.15765,1.15776,1.15734,1.15753,338
2025-06-16 14:00:00,1.15753,1.15776,1.15735,1.1577,293
2025-06-16 14:05:00,1.1577,1.15784,1.15763,1.15781,188
2025-06-16 14:10:00,1.15781,1.15807,1.15768,1.15801,167
2025-06-16 14:15:00,1.15801,1.15822,1.15775,1.15809,201
2025-06-16 14:20:00,1.15808,1.15839,1.15802,1.1583,186
2025-06-16 14:25:00,1.1583,1.15831,1.15781,1.15782,179
2025-06-16 14:30:00,1.15782,1.15788,1.15757,1.15765,205
2025-06-16 14:35:00,1.15765,1.1579,1.15711,1.15737,278
2025-06-16 14:40:00,1.15737,1.15742,1.15697,1.15715,294
2025-06-16 14:45:00,1.15715,1.15735,1.15702,1.15711,228
2025-06-16 14:50:00,1.15711,1.15774,1.15708,1.15769,164
2025-06-16 14:55:00,1.15769,1.15775,1.15707,1.15733,340
2025-06-16 15:00:00,1.15733,1.15777,1.15712,1.15776,305
2025-06-16 15:05:00,1.15776,1.15776,1.15725,1.15743,310
2025-06-16 15:10:00,1.15743,1.15774,1.15728,1.15729,226
2025-06-16 15:15:00,1.1573,1.15793,1.15715,1.15774,191
2025-06-16 15:20:00,1.15774,1.15784,1.15735,1.1574,261
2025-06-16 15:25:00,1.1574,1.1574,1.1571,1.15721,327
2025-06-16 15:30:00,1.15721,1.15793,1.15721,1.15782,466
2025-06-16 15:35:00,1.15782,1.15802,1.1577,1.15793,304
2025-06-16 15:40:00,1.15793,1.15795,1.15729,1.15736,271
2025-06-16 15:45:00,1.15735,1.15778,1.15731,1.15768,237
2025-06-16 15:50:00,1.15768,1.15796,1.15749,1.15782,221
2025-06-16 15:55:00,1.15782,1.15849,1.15769,1.15842,290
2025-06-16 16:00:00,1.15842,1.15886,1.15842,1.15876,384
2025-06-16 16:05:00,1.15876,1.15998,1.15876,1.15938,524
2025-06-16 16:10:00,1.15941,1.15983,1.1593,1.15947,358
2025-06-16 16:15:00,1.15947,1.15969,1.1592,1.15966,320
2025-06-16 16:20:00,1.15966,1.16022,1.15966,1.15989,380
2025-06-16 16:25:00,1.1599,1.15999,1.15949,1.15956,360
2025-06-16 16:30:00,1.15956,1.15999,1.15943,1.15977,387
2025-06-16 16:35:00,1.15977,1.1602,1.15962,1.16012,388
2025-06-16 16:40:00,1.16012,1.16014,1.15942,1.15961,381
2025-06-16 16:45:00,1.15961,1.15967,1.15913,1.1594,343
2025-06-16 16:50:00,1.1594,1.15941,1.15849,1.15885,458
2025-06-16 16:55:00,1.15885,1.16051,1.15884,1.16011,702
2025-06-16 17:00:00,1.16013,1.16088,1.15999,1.16067,603
2025-06-16 17:05:00,1.16072,1.16148,1.16052,1.16102,410
2025-06-16 17:10:00,1.16102,1.1614,1.16057,1.16094,442
2025-06-16 17:15:00,1.16095,1.16146,1.1608,1.16133,385
2025-06-16 17:20:00,1.16133,1.16133,1.16059,1.16077,417
2025-06-16 17:25:00,1.16075,1.16101,1.16051,1.16077,351
2025-06-16 17:30:00,1.16074,1.16123,1.1606,1.16073,472
2025-06-16 17:35:00,1.16073,1.16114,1.16055,1.16074,447
2025-06-16 17:40:00,1.16073,1.16076,1.15946,1.15953,512
2025-06-16 17:45:00,1.15953,1.1596,1.15894,1.15922,530
2025-06-16 17:50:00,1.15922,1.15979,1.15922,1.15939,412
2025-06-16 17:55:00,1.15936,1.15947,1.15913,1.15914,399
2025-06-16 18:00:00,1.15914,1.15933,1.15886,1.15927,440
2025-06-16 18:05:00,1.15927,1.1595,1.15893,1.15924,297
2025-06-16 18:10:00,1.15924,1.15925,1.15863,1.15899,286
2025-06-16 18:15:00,1.15899,1.15901,1.15813,1.15828,342
2025-06-16 18:20:00,1.15828,1.15885,1.15828,1.15884,264
2025-06-16 18:25:00,1.15883,1.15897,1.15846,1.15894,335
2025-06-16 18:30:00,1.15894,1.15913,1.15807,1.1582,375
2025-06-16 18:35:00,1.1582,1.15851,1.15814,1.15849,302
2025-06-16 18:40:00,1.15849,1.15871,1.15835,1.15846,249
2025-06-16 18:45:00,1.15846,1.15863,1.15829,1.15841,256
2025-06-16 18:50:00,1.15841,1.15844,1.15791,1.1581,279
2025-06-16 18:55:00,1.1581,1.15837,1.15793,1.158,298
2025-06-16 19:00:00,1.158,1.15852,1.15799,1.15837,248
2025-06-16 19:05:00,1.15837,1.15861,1.15825,1.15856,176
2025-06-16 19:10:00,1.15856,1.15857,1.15815,1.1582,236
2025-06-16 19:15:00,1.1582,1.15844,1.15788,1.15842,215
2025-06-16 19:20:00,1.15842,1.15858,1.15825,1.15839,217
2025-06-16 19:25:00,1.15841,1.15851,1.1583,1.15831,203
2025-06-16 19:30:00,1.15831,1.15848,1.15823,1.15834,180
2025-06-16 19:35:00,1.15834,1.15848,1.15803,1.15811,173
2025-06-16 19:40:00,1.15811,1.15827,1.15795,1.1581,210
2025-06-16 19:45:00,1.1581,1.15814,1.15785,1.15814,154
2025-06-16 19:50:00,1.15814,1.15842,1.15799,1.15835,171
2025-06-16 19:55:00,1.15835,1.15844,1.15832,1.15841,135
2025-06-16 20:00:00,1.1584,1.1585,1.15797,1.15803,200
2025-06-16 20:05:00,1.15803,1.15811,1.1575,1.15751,181
2025-06-16 20:10:00,1.15751,1.15772,1.15727,1.15757,175
2025-06-16 20:15:00,1.15757,1.15794,1.15756,1.15789,171
2025-06-16 20:20:00,1.15789,1.15799,1.15766,1.15773,136
2025-06-16 20:25:00,1.15773,1.1579,1.15761,1.15777,111
2025-06-16 20:30:00,1.15777,1.15801,1.15733,1.15737,150
2025-06-16 20:35:00,1.15736,1.15764,1.15733,1.15757,175
2025-06-16 20:40:00,1.15757,1.1577,1.1575,1.15753,173
2025-06-16 20:45:00,1.15753,1.15786,1.15753,1.15774,113
2025-06-16 20:50:00,1.15774,1.15786,1.15766,1.15778,145
2025-06-16 20:55:00,1.15778,1.15806,1.15772,1.15783,145
2025-06-16 21:00:00,1.15779,1.15784,1.15756,1.1578,226
2025-06-16 21:05:00,1.15781,1.15783,1.15767,1.1578,155
2025-06-16 21:10:00,1.1578,1.15793,1.15772,1.15772,121
2025-06-16 21:15:00,1.15772,1.15777,1.15759,1.15773,124
2025-06-16 21:20:00,1.15773,1.15784,1.1575,1.15757,155
2025-06-16 21:25:00,1.15755,1.15766,1.15738,1.15759,172
2025-06-16 21:30:00,1.15759,1.15797,1.15758,1.15784,192
2025-06-16 21:35:00,1.15784,1.1579,1.15771,1.15788,193
2025-06-16 21:40:00,1.15789,1.15807,1.15779,1.15801,174
2025-06-16 21:45:00,1.15801,1.15811,1.1578,1.15798,191
2025-06-16 21:50:00,1.15798,1.15809,1.15777,1.15792,226
2025-06-16 21:55:00,1.15792,1.15815,1.15769,1.15802,362
2025-06-16 22:00:00,1.15802,1.15802,1.15749,1.15756,239
2025-06-16 22:05:00,1.15756,1.15758,1.1573,1.15735,144
2025-06-16 22:10:00,1.15735,1.1574,1.15704,1.15715,173
2025-06-16 22:15:00,1.15715,1.15725,1.15653,1.15664,182
2025-06-16 22:20:00,1.15664,1.15687,1.15655,1.15687,146
2025-06-16 22:25:00,1.15687,1.15691,1.15676,1.15682,114
2025-06-16 22:30:00,1.15682,1.15698,1.15675,1.15682,128
2025-06-16 22:35:00,1.15682,1.15682,1.15662,1.1567,111
2025-06-16 22:40:00,1.1567,1.15671,1.15605,1.15613,150
2025-06-16 22:45:00,1.15613,1.15622,1.15594,1.15594,166
2025-06-16 22:50:00,1.15595,1.156,1.1558,1.15587,184
2025-06-16 22:55:00,1.15587,1.15587,1.15551,1.15558,211
2025-06-16 23:00:00,1.15557,1.15608,1.15544,1.15606,203
2025-06-16 23:05:00,1.15606,1.15632,1.15604,1.15606,91
2025-06-16 23:10:00,1.15606,1.15614,1.15584,1.15585,96
2025-06-16 23:15:00,1.15585,1.156,1.15581,1.15591,45
2025-06-16 23:20:00,1.15591,1.15593,1.15576,1.15582,72
2025-06-16 23:25:00,1.15582,1.15624,1.15582,1.15622,56
2025-06-16 23:30:00,1.15622,1.1563,1.15616,1.15616,50
2025-06-16 23:35:00,1.15616,1.15619,1.156,1.15601,61
2025-06-16 23:40:00,1.15601,1.15623,1.15592,1.15623,92
2025-06-16 23:45:00,1.15623,1.15628,1.15605,1.15613,112
2025-06-16 23:50:00,1.15613,1.15634,1.1561,1.15617,74
2025-06-16 23:55:00,1.15617,1.15617,1.15587,1.15592,142
2025-06-17 00:00:00,1.1558,1.15586,1.15566,1.15586,24
2025-06-17 00:05:00,1.15586,1.15648,1.15586,1.15639,164
2025-06-17 00:10:00,1.15639,1.15641,1.15586,1.15593,158
2025-06-17 00:15:00,1.15593,1.15643,1.15584,1.15634,89
2025-06-17 00:20:00,1.15634,1.15637,1.15577,1.15577,39
2025-06-17 00:25:00,1.15577,1.15624,1.15577,1.15597,47
2025-06-17 00:30:00,1.15597,1.15601,1.15575,1.15593,74
2025-06-17 00:35:00,1.15593,1.156,1.15572,1.1559,30
2025-06-17 00:40:00,1.1559,1.15613,1.15574,1.15574,55
2025-06-17 00:45:00,1.15574,1.15608,1.15574,1.15607,101
2025-06-17 00:50:00,1.15607,1.15613,1.15594,1.156,105
2025-06-17 00:55:00,1.156,1.15613,1.15584,1.15595,123
2025-06-17 01:00:00,1.15595,1.15614,1.15571,1.15614,423
2025-06-17 01:05:00,1.15614,1.15614,1.15578,1.15586,101
2025-06-17 01:10:00,1.15586,1.15615,1.15586,1.15614,80
2025-06-17 01:15:00,1.15614,1.15623,1.15612,1.15617,54
2025-06-17 01:20:00,1.15617,1.15621,1.15613,1.15621,55
2025-06-17 01:25:00,1.15621,1.15621,1.15591,1.156,36
2025-06-17 01:30:00,1.156,1.15608,1.15552,1.1556,247
2025-06-17 01:35:00,1.1556,1.15596,1.15558,1.15582,213
2025-06-17 01:40:00,1.15583,1.15597,1.15564,1.15569,171
2025-06-17 01:45:00,1.15569,1.15569,1.15533,1.15548,225
2025-06-17 01:50:00,1.15548,1.15557,1.15541,1.15547,141
2025-06-17 01:55:00,1.15547,1.15593,1.15547,1.15557,150
2025-06-17 02:00:00,1.15556,1.15592,1.15555,1.15589,202
2025-06-17 02:05:00,1.15586,1.15594,1.15574,1.15585,107
2025-06-17 02:10:00,1.15585,1.15592,1.15575,1.15575,76
2025-06-17 02:15:00,1.15575,1.1561,1.1557,1.15603,78
2025-06-17 02:20:00,1.15603,1.15621,1.15569,1.15581,95
2025-06-17 02:25:00,1.15581,1.15609,1.1557,1.1557,105
2025-06-17 02:30:00,1.1557,1.15577,1.15521,1.1553,117
2025-06-17 02:35:00,1.1553,1.15549,1.15527,1.15547,134
2025-06-17 02:40:00,1.15547,1.15547,1.15521,1.15522,90
2025-06-17 02:45:00,1.15522,1.15565,1.15522,1.15542,186
2025-06-17 02:50:00,1.15542,1.1555,1.1552,1.1553,170
2025-06-17 02:55:00,1.1553,1.15536,1.15491,1.15529,267
2025-06-17 03:00:00,1.15539,1.15544,1.15467,1.15498,354
2025-06-17 03:05:00,1.15498,1.15526,1.1548,1.15516,249
2025-06-17 03:10:00,1.15516,1.15527,1.15491,1.15505,256
2025-06-17 03:15:00,1.15505,1.15507,1.15482,1.15489,214
2025-06-17 03:20:00,1.15489,1.15494,1.15455,1.15482,265
2025-06-17 03:25:00,1.15482,1.15502,1.15457,1.15468,196
2025-06-17 03:30:00,1.15467,1.15482,1.15425,1.15471,283
2025-06-17 03:35:00,1.15471,1.15485,1.15449,1.15474,277
2025-06-17 03:40:00,1.15474,1.15481,1.15466,1.15468,152
2025-06-17 03:45:00,1.15468,1.15491,1.15456,1.1548,200
2025-06-17 03:50:00,1.1548,1.15521,1.1546,1.15511,299
2025-06-17 03:55:00,1.1551,1.15516,1.15486,1.15501,255
2025-06-17 04:00:00,1.15501,1.15522,1.15499,1.15518,233
2025-06-17 04:05:00,1.15518,1.15536,1.15515,1.15521,155
2025-06-17 04:10:00,1.15521,1.15542,1.15515,1.15517,185
2025-06-17 04:15:00,1.15517,1.15569,1.15506,1.1555,243
2025-06-17 04:20:00,1.1555,1.15551,1.15504,1.15508,141
2025-06-17 04:25:00,1.15508,1.15525,1.15507,1.15523,120
2025-06-17 04:30:00,1.15523,1.1556,1.1551,1.15542,169
2025-06-17 04:35:00,1.15542,1.15549,1.1552,1.15533,173
2025-06-17 04:40:00,1.15532,1.15563,1.15522,1.15549,202
2025-06-17 04:45:00,1.15549,1.1556,1.15537,1.15558,168
2025-06-17 04:50:00,1.15558,1.15605,1.15557,1.15568,198
2025-06-17 04:55:00,1.15567,1.1558,1.15545,1.15548,186
2025-06-17 05:00:00,1.15548,1.15553,1.15521,1.15531,273
2025-06-17 05:05:00,1.15531,1.15539,1.15508,1.15531,215
2025-06-17 05:10:00,1.15531,1.15545,1.15524,1.15528,142
2025-06-17 05:15:00,1.15528,1.15528,1.15469,1.1547,185
2025-06-17 05:20:00,1.1547,1.15494,1.1547,1.15493,135
2025-06-17 05:25:00,1.15493,1.15528,1.15488,1.15494,168
2025-06-17 05:30:00,1.15494,1.15513,1.15492,1.15501,159
2025-06-17 05:35:00,1.15501,1.15504,1.1548,1.15486,141
2025-06-17 05:40:00,1.15486,1.15486,1.15455,1.15474,173
2025-06-17 05:45:00,1.15474,1.15489,1.15473,1.15482,108
2025-06-17 05:50:00,1.15482,1.1561,1.15479,1.15558,410
2025-06-17 05:55:00,1.15558,1.15606,1.15543,1.15586,290
2025-06-17 06:00:00,1.15586,1.15588,1.1555,1.15574,294
2025-06-17 06:05:00,1.15574,1.15591,1.1556,1.15575,243
2025-06-17 06:10:00,1.15575,1.15617,1.15572,1.15592,290
2025-06-17 06:15:00,1.15592,1.15601,1.1558,1.15583,144
2025-06-17 06:20:00,1.15583,1.15591,1.15569,1.15588,186
2025-06-17 06:25:00,1.15588,1.15615,1.15588,1.15607,168
2025-06-17 06:30:00,1.15607,1.1564,1.15587,1.15606,367
2025-06-17 06:35:00,1.15606,1.15636,1.15592,1.15602,184
2025-06-17 06:40:00,1.15602,1.15628,1.156,1.15616,214
2025-06-17 06:45:00,1.15616,1.15627,1.15573,1.15574,142
2025-06-17 06:50:00,1.15574,1.15591,1.15574,1.15587,132
2025-06-17 06:55:00,1.15587,1.15626,1.15584,1.15622,213
2025-06-17 07:00:00,1.15622,1.1563,1.15616,1.15616,120
2025-06-17 07:05:00,1.15616,1.15647,1.15616,1.15622,124
2025-06-17 07:10:00,1.15622,1.1565,1.15618,1.15647,144
2025-06-17 07:15:00,1.15648,1.15668,1.15646,1.15668,139
2025-06-17 07:20:00,1.15668,1.15672,1.15635,1.15638,153
2025-06-17 07:25:00,1.15638,1.15664,1.15637,1.15647,134
2025-06-17 07:30:00,1.15647,1.15647,1.15615,1.1562,220
2025-06-17 07:35:00,1.1562,1.15674,1.15604,1.15669,118
2025-06-17 07:40:00,1.15667,1.15667,1.15649,1.15657,134
2025-06-17 07:45:00,1.15656,1.15661,1.15631,1.15637,160
2025-06-17 07:50:00,1.15637,1.15642,1.15617,1.15626,164
2025-06-17 07:55:00,1.15626,1.15626,1.15595,1.15609,169
2025-06-17 08:00:00,1.15609,1.15638,1.15607,1.15619,237
2025-06-17 08:05:00,1.15619,1.15649,1.15614,1.1564,197
2025-06-17 08:10:00,1.1564,1.15655,1.15633,1.15645,173
2025-06-17 08:15:00,1.15645,1.15649,1.1557,1.15614,246
2025-06-17 08:20:00,1.15614,1.15627,1.15607,1.15619,159
2025-06-17 08:25:00,1.15619,1.15636,1.15611,1.15611,149
2025-06-17 08:30:00,1.15611,1.15621,1.15587,1.15594,175
2025-06-17 08:35:00,1.15594,1.15604,1.15578,1.15581,163
2025-06-17 08:40:00,1.15581,1.15588,1.15563,1.15582,142
2025-06-17 08:45:00,1.15582,1.15584,1.1556,1.15569,174
2025-06-17 08:50:00,1.15569,1.15569,1.15526,1.15543,212
2025-06-17 08:55:00,1.15543,1.15582,1.1554,1.15575,194
2025-06-17 09:00:00,1.15575,1.1558,1.15526,1.15538,262
2025-06-17 09:05:00,1.15538,1.15577,1.15537,1.15575,144
2025-06-17 09:10:00,1.15575,1.15608,1.15547,1.15605,196
2025-06-17 09:15:00,1.15605,1.15651,1.15603,1.15611,266
2025-06-17 09:20:00,1.15611,1.15686,1.156,1.15669,243
2025-06-17 09:25:00,1.15672,1.15683,1.15648,1.15659,229
2025-06-17 09:30:00,1.15659,1.1568,1.1563,1.15679,270
2025-06-17 09:35:00,1.15679,1.15699,1.15659,1.15666,267
2025-06-17 09:40:00,1.15666,1.15726,1.15666,1.15695,340
2025-06-17 09:45:00,1.15695,1.15706,1.15673,1.15689,319
2025-06-17 09:50:00,1.15689,1.15699,1.15627,1.15644,381
2025-06-17 09:55:00,1.15644,1.15646,1.15602,1.15624,331
2025-06-17 10:00:00,1.15624,1.15636,1.15558,1.15585,487
2025-06-17 10:05:00,1.15585,1.1563,1.15574,1.15604,364
2025-06-17 10:10:00,1.15604,1.15609,1.15548,1.15555,258
2025-06-17 10:15:00,1.15555,1.15601,1.15548,1.15592,297
2025-06-17 10:20:00,1.15592,1.15592,1.15531,1.15533,321
2025-06-17 10:25:00,1.15533,1.15574,1.1552,1.15573,305
2025-06-17 10:30:00,1.15573,1.15575,1.15501,1.15513,299
2025-06-17 10:35:00,1.15513,1.15523,1.15466,1.15495,266
2025-06-17 10:40:00,1.15495,1.15529,1.15454,1.15525,292
2025-06-17 10:45:00,1.15525,1.15624,1.15525,1.1562,381
2025-06-17 10:50:00,1.1562,1.15637,1.15608,1.15624,330
2025-06-17 10:55:00,1.15624,1.15628,1.15577,1.15585,263
2025-06-17 11:00:00,1.15584,1.15593,1.15535,1.15562,327
2025-06-17 11:05:00,1.15562,1.15566,1.15528,1.15537,279
2025-06-17 11:10:00,1.15536,1.15568,1.15524,1.15554,260
2025-06-17 11:15:00,1.15554,1.15591,1.15544,1.15577,242
2025-06-17 11:20:00,1.15577,1.1558,1.15549,1.15567,244
2025-06-17 11:25:00,1.15567,1.1558,1.15549,1.15572,191
2025-06-17 11:30:00,1.15572,1.15598,1.15562,1.15567,229
2025-06-17 11:35:00,1.15568,1.15586,1.15545,1.15584,243
2025-06-17 11:40:00,1.15584,1.15595,1.15554,1.15568,239
2025-06-17 11:45:00,1.15568,1.15571,1.15552,1.15554,200
2025-06-17 11:50:00,1.15554,1.15584,1.15548,1.15549,315
2025-06-17 11:55:00,1.15549,1.15576,1.15501,1.15511,379
2025-06-17 12:00:00,1.15515,1.15581,1.15512,1.15567,362
2025-06-17 12:05:00,1.15567,1.15598,1.15537,1.15557,324
2025-06-17 12:10:00,1.15557,1.15568,1.15538,1.15557,224
2025-06-17 12:15:00,1.15557,1.15582,1.15503,1.15524,276
2025-06-17 12:20:00,1.15525,1.15563,1.15519,1.1554,358
2025-06-17 12:25:00,1.1554,1.15568,1.15538,1.15567,258
2025-06-17 12:30:00,1.15567,1.15579,1.15537,1.15569,252
2025-06-17 12:35:00,1.15569,1.15579,1.15538,1.1556,223
2025-06-17 12:40:00,1.1556,1.15603,1.15544,1.15579,234
2025-06-17 12:45:00,1.15579,1.15588,1.15556,1.15586,247
2025-06-17 12:50:00,1.15586,1.15609,1.15586,1.15587,223
2025-06-17 12:55:00,1.15587,1.15587,1.15548,1.15566,187
2025-06-17 13:00:00,1.15566,1.15594,1.15563,1.15589,211
2025-06-17 13:05:00,1.15589,1.15596,1.15552,1.15573,235
2025-06-17 13:10:00,1.15573,1.15643,1.15573,1.15612,276
2025-06-17 13:15:00,1.15612,1.15638,1.15595,1.15634,200
2025-06-17 13:20:00,1.15634,1.15635,1.15603,1.15604,167
2025-06-17 13:25:00,1.15604,1.15615,1.15577,1.15587,176
2025-06-17 13:30:00,1.15587,1.15617,1.15576,1.15614,173
2025-06-17 13:35:00,1.15614,1.15659,1.15609,1.15629,241
2025-06-17 13:40:00,1.15629,1.15653,1.15629,1.15642,194
2025-06-17 13:45:00,1.15642,1.15679,1.1564,1.15658,214
2025-06-17 13:50:00,1.15658,1.15679,1.15651,1.15668,260
2025-06-17 13:55:00,1.15668,1.15688,1.15659,1.15681,220
2025-06-17 14:00:00,1.15681,1.15724,1.1567,1.15693,267
2025-06-17 14:05:00,1.15693,1.15717,1.15689,1.15701,171
2025-06-17 14:10:00,1.15701,1.15729,1.157,1.15724,219
2025-06-17 14:15:00,1.15724,1.15738,1.15719,1.15726,159
2025-06-17 14:20:00,1.15726,1.15728,1.15698,1.15709,242
2025-06-17 14:25:00,1.15709,1.15712,1.15682,1.1569,242
2025-06-17 14:30:00,1.1569,1.157,1.15677,1.15678,299
2025-06-17 14:35:00,1.15678,1.15684,1.15643,1.15651,254
2025-06-17 14:40:00,1.15651,1.15675,1.15651,1.15658,321
2025-06-17 14:45:00,1.15658,1.15659,1.1561,1.15613,190
2025-06-17 14:50:00,1.15613,1.15617,1.15574,1.15601,271
2025-06-17 14:55:00,1.15601,1.15649,1.15601,1.15617,315
2025-06-17 15:00:00,1.15617,1.15657,1.15613,1.15651,306
2025-06-17 15:05:00,1.15651,1.1569,1.15636,1.1569,280
2025-06-17 15:10:00,1.15689,1.15709,1.15672,1.15694,255
2025-06-17 15:15:00,1.15695,1.15728,1.15695,1.15703,270
2025-06-17 15:20:00,1.15703,1.15725,1.15697,1.15709,236
2025-06-17 15:25:00,1.15709,1.15715,1.15664,1.15675,273
2025-06-17 15:30:00,1.15675,1.158,1.15644,1.15666,757
2025-06-17 15:35:00,1.15666,1.15676,1.15604,1.15635,500
2025-06-17 15:40:00,1.15635,1.15638,1.15586,1.1562,423
2025-06-17 15:45:00,1.1562,1.15628,1.15555,1.15555,368
2025-06-17 15:50:00,1.15555,1.15586,1.15501,1.1557,512
2025-06-17 15:55:00,1.15568,1.15568,1.15478,1.15503,447
2025-06-17 16:00:00,1.15503,1.15596,1.15503,1.15589,460
2025-06-17 16:05:00,1.15589,1.15604,1.15552,1.15588,315
2025-06-17 16:10:00,1.15588,1.15632,1.15588,1.15591,283
2025-06-17 16:15:00,1.15591,1.15696,1.15591,1.15683,313
2025-06-17 16:20:00,1.15683,1.15688,1.15635,1.15651,249
2025-06-17 16:25:00,1.15651,1.1566,1.15606,1.1561,322
2025-06-17 16:30:00,1.1561,1.15624,1.15582,1.15616,439
2025-06-17 16:35:00,1.15616,1.15627,1.15585,1.15623,448
2025-06-17 16:40:00,1.15623,1.15647,1.15567,1.15621,468
2025-06-17 16:45:00,1.15621,1.15645,1.15582,1.15624,423
2025-06-17 16:50:00,1.15624,1.15631,1.15588,1.15621,433
2025-06-17 16:55:00,1.15621,1.15655,1.15589,1.15589,337
2025-06-17 17:00:00,1.15589,1.1561,1.15561,1.1558,437
2025-06-17 17:05:00,1.1558,1.15593,1.15521,1.15547,380
2025-06-17 17:10:00,1.15547,1.15553,1.15521,1.15526,257
2025-06-17 17:15:00,1.15526,1.15526,1.15429,1.15459,474
2025-06-17 17:20:00,1.1546,1.15473,1.154,1.15412,459
2025-06-17 17:25:00,1.15412,1.1542,1.15353,1.15375,493
2025-06-17 17:30:00,1.15375,1.1538,1.1522,1.15228,614
2025-06-17 17:35:00,1.15228,1.15232,1.15108,1.15156,614
2025-06-17 17:40:00,1.15156,1.15164,1.15108,1.15113,560
2025-06-17 17:45:00,1.15114,1.15222,1.15114,1.15211,574
2025-06-17 17:50:00,1.15211,1.15269,1.15207,1.15253,470
2025-06-17 17:55:00,1.15253,1.15275,1.15229,1.15267,419
2025-06-17 18:00:00,1.15267,1.15292,1.15209,1.15251,483
2025-06-17 18:05:00,1.15251,1.15304,1.15248,1.15286,334
2025-06-17 18:10:00,1.15286,1.15338,1.15265,1.15335,326
2025-06-17 18:15:00,1.15335,1.15343,1.15317,1.15326,277
2025-06-17 18:20:00,1.15326,1.15326,1.15223,1.15248,371
2025-06-17 18:25:00,1.15248,1.15258,1.15187,1.15203,316
2025-06-17 18:30:00,1.15203,1.15255,1.15201,1.15255,357
2025-06-17 18:35:00,1.15259,1.15286,1.15225,1.1527,363
2025-06-17 18:40:00,1.1527,1.1533,1.15256,1.15326,328
2025-06-17 18:45:00,1.15327,1.15357,1.15318,1.15349,277
2025-06-17 18:50:00,1.15349,1.1535,1.15302,1.15322,284
2025-06-17 18:55:00,1.15322,1.15349,1.15296,1.15341,256
2025-06-17 19:00:00,1.15341,1.15366,1.15332,1.15353,257
2025-06-17 19:05:00,1.15355,1.15364,1.15303,1.15337,293
2025-06-17 19:10:00,1.15337,1.15392,1.15326,1.15375,289
2025-06-17 19:15:00,1.15372,1.15391,1.15345,1.15349,235
2025-06-17 19:20:00,1.15349,1.15349,1.15293,1.15299,270
2025-06-17 19:25:00,1.15299,1.15302,1.15236,1.15239,370
2025-06-17 19:30:00,1.15239,1.15257,1.15218,1.15255,250
2025-06-17 19:35:00,1.15255,1.15277,1.15237,1.15246,223
2025-06-17 19:40:00,1.15246,1.15247,1.15188,1.15205,202
2025-06-17 19:45:00,1.15206,1.15214,1.15061,1.15064,395
2025-06-17 19:50:00,1.15066,1.15094,1.15023,1.15023,424
2025-06-17 19:55:00,1.15023,1.15047,1.14987,1.15026,478
2025-06-17 20:00:00,1.15028,1.15065,1.15008,1.1502,389
2025-06-17 20:05:00,1.1502,1.15047,1.15007,1.15031,283
2025-06-17 20:10:00,1.15031,1.15032,1.1497,1.14974,311
2025-06-17 20:15:00,1.14974,1.14977,1.14901,1.14911,368
2025-06-17 20:20:00,1.14912,1.14967,1.14898,1.14948,324
2025-06-17 20:25:00,1.14948,1.15021,1.14906,1.15019,360
2025-06-17 20:30:00,1.15019,1.15075,1.15007,1.15068,351
2025-06-17 20:35:00,1.15068,1.15088,1.14965,1.14965,323
2025-06-17 20:40:00,1.14965,1.14993,1.14906,1.1491,326
2025-06-17 20:45:00,1.14911,1.14912,1.14784,1.14818,505
2025-06-17 20:50:00,1.14818,1.14858,1.1479,1.14819,472
2025-06-17 20:55:00,1.14821,1.14889,1.14821,1.14866,419
2025-06-17 21:00:00,1.14866,1.14883,1.14823,1.14864,389
2025-06-17 21:05:00,1.14864,1.14892,1.14852,1.14874,282
2025-06-17 21:10:00,1.14874,1.14899,1.14856,1.14859,254
2025-06-17 21:15:00,1.14859,1.14905,1.14838,1.14851,245
2025-06-17 21:20:00,1.14847,1.14872,1.14825,1.14844,249
2025-06-17 21:25:00,1.14844,1.14847,1.14788,1.14788,278
2025-06-17 21:30:00,1.14788,1.14865,1.14787,1.14831,322
2025-06-17 21:35:00,1.14831,1.14841,1.14801,1.14813,197
2025-06-17 21:40:00,1.14813,1.14824,1.14782,1.14816,246
2025-06-17 21:45:00,1.14816,1.14816,1.14752,1.14762,273
2025-06-17 21:50:00,1.14762,1.14813,1.1475,1.14799,296
2025-06-17 21:55:00,1.14799,1.14814,1.1477,1.14796,354
2025-06-17 22:00:00,1.14797,1.14813,1.14778,1.14812,245
2025-06-17 22:05:00,1.14812,1.14813,1.14777,1.14801,175
2025-06-17 22:10:00,1.14801,1.14815,1.1479,1.148,210
2025-06-17 22:15:00,1.148,1.14804,1.14777,1.14787,178
2025-06-17 22:20:00,1.14787,1.14831,1.14772,1.14809,185
2025-06-17 22:25:00,1.14809,1.14849,1.14803,1.14842,179
2025-06-17 22:30:00,1.14842,1.14847,1.14809,1.14839,182
2025-06-17 22:35:00,1.14839,1.14871,1.14833,1.14871,162
2025-06-17 22:40:00,1.14871,1.14871,1.1484,1.1486,201
2025-06-17 22:45:00,1.1486,1.14889,1.14851,1.14862,176
2025-06-17 22:50:00,1.14862,1.14886,1.14855,1.14857,163
2025-06-17 22:55:00,1.14857,1.14861,1.14827,1.14847,299
2025-06-17 23:00:00,1.14847,1.14851,1.14789,1.14789,133
2025-06-17 23:05:00,1.14789,1.14809,1.14775,1.14795,133
2025-06-17 23:10:00,1.14795,1.14795,1.14753,1.14758,144
2025-06-17 23:15:00,1.14758,1.14766,1.14749,1.14755,99
2025-06-17 23:20:00,1.14755,1.14812,1.14747,1.14807,151
2025-06-17 23:25:00,1.14807,1.14849,1.14807,1.14838,150
2025-06-17 23:30:00,1.14838,1.1484,1.14809,1.14815,144
2025-06-17 23:35:00,1.14815,1.14824,1.148,1.14812,120
2025-06-17 23:40:00,1.14812,1.14812,1.14766,1.14771,136
2025-06-17 23:45:00,1.14771,1.14821,1.14771,1.14821,174
2025-06-17 23:50:00,1.14821,1.14855,1.1482,1.14842,214
2025-06-17 23:55:00,1.14842,1.14843,1.14797,1.14799,160
2025-06-18 00:00:00,1.14795,1.14795,1.14738,1.1474,17
2025-06-18 00:05:00,1.1474,1.1486,1.1474,1.14814,118
2025-06-18 00:10:00,1.14814,1.1486,1.14813,1.1482,111
2025-06-18 00:15:00,1.1482,1.14864,1.14818,1.14822,96
2025-06-18 00:20:00,1.14823,1.1483,1.14808,1.14827,45
2025-06-18 00:25:00,1.14827,1.1483,1.14804,1.14826,63
2025-06-18 00:30:00,1.14826,1.14827,1.14815,1.1482,28
2025-06-18 00:35:00,1.1482,1.14821,1.14799,1.14799,36
2025-06-18 00:40:00,1.14799,1.14816,1.14796,1.14816,40
2025-06-18 00:45:00,1.14816,1.14816,1.1479,1.14791,24
2025-06-18 00:50:00,1.14791,1.14811,1.14791,1.14806,56
2025-06-18 00:55:00,1.14806,1.14815,1.14805,1.14813,67
2025-06-18 01:00:00,1.14813,1.14829,1.14808,1.14811,128
2025-06-18 01:05:00,1.14811,1.14826,1.14811,1.14817,64
2025-06-18 01:10:00,1.14817,1.14835,1.14814,1.14829,59
2025-06-18 01:15:00,1.14829,1.14831,1.1482,1.14828,69
2025-06-18 01:20:00,1.14828,1.14834,1.14824,1.14833,35
2025-06-18 01:25:00,1.14833,1.14837,1.14832,1.14836,34
2025-06-18 01:30:00,1.14836,1.14836,1.14812,1.14812,61
2025-06-18 01:35:00,1.14812,1.14814,1.14782,1.14786,70
2025-06-18 01:40:00,1.14786,1.14796,1.14774,1.14794,141
2025-06-18 01:45:00,1.14794,1.14804,1.14779,1.14781,144
2025-06-18 01:50:00,1.14781,1.14782,1.14747,1.14756,83
2025-06-18 01:55:00,1.14756,1.14759,1.14749,1.14751,111
2025-06-18 02:00:00,1.14751,1.14785,1.14751,1.14782,137
2025-06-18 02:05:00,1.14782,1.14788,1.1478,1.14782,70
2025-06-18 02:10:00,1.14782,1.14784,1.14763,1.14778,85
2025-06-18 02:15:00,1.14778,1.14789,1.14778,1.14786,73
2025-06-18 02:20:00,1.14786,1.14799,1.14766,1.14769,90
2025-06-18 02:25:00,1.14769,1.14797,1.14767,1.14796,79
2025-06-18 02:30:00,1.14796,1.14796,1.14774,1.1478,78
2025-06-18 02:35:00,1.1478,1.14785,1.14752,1.14773,107
2025-06-18 02:40:00,1.14773,1.14782,1.14756,1.14776,82
2025-06-18 02:45:00,1.14776,1.14798,1.14775,1.14798,83
2025-06-18 02:50:00,1.14796,1.14827,1.14793,1.14806,143
2025-06-18 02:55:00,1.14806,1.14823,1.148,1.14819,117
2025-06-18 03:00:00,1.14819,1.14855,1.14812,1.14823,472
2025-06-18 03:05:00,1.14823,1.14913,1.14815,1.14863,462
2025-06-18 03:10:00,1.14863,1.14869,1.14835,1.14846,254
2025-06-18 03:15:00,1.14846,1.14857,1.14807,1.14851,270
2025-06-18 03:20:00,1.14851,1.14887,1.14849,1.14884,276
2025-06-18 03:25:00,1.14884,1.14884,1.14841,1.14867,305
2025-06-18 03:30:00,1.14867,1.14902,1.14852,1.14858,196
2025-06-18 03:35:00,1.14858,1.149,1.1485,1.14891,251
2025-06-18 03:40:00,1.1489,1.14946,1.14889,1.14942,262
2025-06-18 03:45:00,1.14942,1.14969,1.14933,1.1496,250
2025-06-18 03:50:00,1.1496,1.1497,1.14915,1.1492,332
2025-06-18 03:55:00,1.14922,1.14945,1.14898,1.14922,303
2025-06-18 04:00:00,1.14922,1.14969,1.14919,1.14926,313
2025-06-18 04:05:00,1.14926,1.14932,1.14893,1.14914,259
2025-06-18 04:10:00,1.14914,1.14941,1.14911,1.14938,223
2025-06-18 04:15:00,1.14938,1.14958,1.14914,1.14927,301
2025-06-18 04:20:00,1.14927,1.14981,1.14926,1.14968,200
2025-06-18 04:25:00,1.14968,1.14996,1.14965,1.14993,193
2025-06-18 04:30:00,1.14993,1.15009,1.14982,1.14985,232
2025-06-18 04:35:00,1.14985,1.14989,1.14971,1.14985,160
2025-06-18 04:40:00,1.14985,1.14989,1.14942,1.14949,187
2025-06-18 04:45:00,1.14949,1.14972,1.14927,1.14963,229
2025-06-18 04:50:00,1.14963,1.14994,1.14963,1.14969,252
2025-06-18 04:55:00,1.14969,1.15002,1.14963,1.1497,265
2025-06-18 05:00:00,1.1497,1.14979,1.14952,1.14976,192
2025-06-18 05:05:00,1.14976,1.14976,1.14948,1.14961,156
2025-06-18 05:10:00,1.14961,1.14974,1.14951,1.14968,125
2025-06-18 05:15:00,1.14964,1.14979,1.14954,1.14978,172
2025-06-18 05:20:00,1.14978,1.15006,1.14977,1.15001,217
2025-06-18 05:25:00,1.15001,1.15013,1.14987,1.14989,135
2025-06-18 05:30:00,1.14989,1.14989,1.14957,1.1497,176
2025-06-18 05:35:00,1.1497,1.14973,1.14933,1.14948,125
2025-06-18 05:40:00,1.14948,1.14978,1.14947,1.14978,168
2025-06-18 05:45:00,1.14978,1.14996,1.14973,1.14981,167
2025-06-18 05:50:00,1.14981,1.14981,1.14954,1.14959,160
2025-06-18 05:55:00,1.14959,1.14984,1.14959,1.14979,205
2025-06-18 06:00:00,1.14979,1.14995,1.14962,1.14977,169
2025-06-18 06:05:00,1.14977,1.14987,1.1497,1.14975,186
2025-06-18 06:10:00,1.14976,1.15,1.14971,1.14996,168
2025-06-18 06:15:00,1.14996,1.1501,1.14981,1.14996,151
2025-06-18 06:20:00,1.14996,1.15027,1.14995,1.15027,126
2025-06-18 06:25:00,1.15027,1.15037,1.14996,1.15012,161
2025-06-18 06:30:00,1.15012,1.15049,1.1501,1.15045,197
2025-06-18 06:35:00,1.15045,1.15052,1.1502,1.15042,184
2025-06-18 06:40:00,1.15042,1.15045,1.15027,1.15031,140
2025-06-18 06:45:00,1.15031,1.15031,1.15007,1.15007,142
2025-06-18 06:50:00,1.15007,1.15022,1.15001,1.15008,169
2025-06-18 06:55:00,1.15008,1.1501,1.14986,1.15,135
2025-06-18 07:00:00,1.15,1.15001,1.14975,1.1498,240
2025-06-18 07:05:00,1.1498,1.14997,1.14968,1.14992,129
2025-06-18 07:10:00,1.14992,1.15003,1.14965,1.15002,136
2025-06-18 07:15:00,1.15002,1.15018,1.15,1.1501,129
2025-06-18 07:20:00,1.1501,1.15027,1.15002,1.15003,126
2025-06-18 07:25:00,1.15003,1.15017,1.14996,1.15015,122
2025-06-18 07:30:00,1.15015,1.15044,1.15014,1.1504,142
2025-06-18 07:35:00,1.1504,1.15056,1.15031,1.15031,126
2025-06-18 07:40:00,1.15031,1.15054,1.15029,1.15045,159
2025-06-18 07:45:00,1.15044,1.15054,1.15031,1.15038,151
2025-06-18 07:50:00,1.15038,1.15055,1.15035,1.15051,88
2025-06-18 07:55:00,1.15051,1.15081,1.15047,1.15056,154
2025-06-18 08:00:00,1.15055,1.15065,1.15041,1.15064,148
2025-06-18 08:05:00,1.15064,1.15064,1.15021,1.15023,161
2025-06-18 08:10:00,1.15023,1.15029,1.15011,1.15011,120
2025-06-18 08:15:00,1.15011,1.15026,1.15008,1.15024,94
2025-06-18 08:20:00,1.15024,1.15032,1.15015,1.15023,115
2025-06-18 08:25:00,1.15023,1.15038,1.15012,1.15038,143
2025-06-18 08:30:00,1.15038,1.15059,1.15025,1.15056,139
2025-06-18 08:35:00,1.15056,1.15071,1.15049,1.15055,173
2025-06-18 08:40:00,1.15055,1.15069,1.1504,1.15065,208
2025-06-18 08:45:00,1.15065,1.15073,1.15023,1.15027,202
2025-06-18 08:50:00,1.15027,1.15035,1.15004,1.15014,136
2025-06-18 08:55:00,1.15014,1.15054,1.15014,1.15046,242
2025-06-18 09:00:00,1.15046,1.15085,1.15025,1.15033,427
2025-06-18 09:05:00,1.15033,1.15062,1.15007,1.1506,291
2025-06-18 09:10:00,1.1506,1.15082,1.15032,1.15081,269
2025-06-18 09:15:00,1.15081,1.15109,1.15057,1.15081,341
2025-06-18 09:20:00,1.15081,1.15149,1.15074,1.15143,295
2025-06-18 09:25:00,1.15143,1.15154,1.15121,1.15145,313
2025-06-18 09:30:00,1.15145,1.1515,1.15091,1.15115,270
2025-06-18 09:35:00,1.15115,1.15135,1.15083,1.1509,194
2025-06-18 09:40:00,1.1509,1.15096,1.15072,1.15092,204
2025-06-18 09:45:00,1.15092,1.15102,1.15069,1.15082,200
2025-06-18 09:50:00,1.15082,1.15128,1.15081,1.15113,283
2025-06-18 09:55:00,1.15113,1.15128,1.1506,1.15103,442
2025-06-18 10:00:00,1.15103,1.15199,1.15091,1.1519,429
2025-06-18 10:05:00,1.1519,1.15234,1.15189,1.15211,347
2025-06-18 10:10:00,1.15211,1.15224,1.15181,1.15181,273
2025-06-18 10:15:00,1.15181,1.15201,1.15167,1.15178,256
2025-06-18 10:20:00,1.15178,1.15193,1.15153,1.1518,287
2025-06-18 10:25:00,1.1518,1.15215,1.15165,1.15192,292
2025-06-18 10:30:00,1.15192,1.15224,1.15174,1.152,282
2025-06-18 10:35:00,1.15199,1.15207,1.15154,1.15154,266
2025-06-18 10:40:00,1.15154,1.15161,1.15135,1.15147,184
2025-06-18 10:45:00,1.15147,1.15167,1.15128,1.15162,208
2025-06-18 10:50:00,1.15162,1.15173,1.15137,1.15137,193
2025-06-18 10:55:00,1.15137,1.15144,1.15122,1.15133,236
2025-06-18 11:00:00,1.15133,1.1516,1.15121,1.15157,264
2025-06-18 11:05:00,1.15157,1.15162,1.15125,1.15127,190
2025-06-18 11:10:00,1.15127,1.15142,1.15105,1.15112,204
2025-06-18 11:15:00,1.15112,1.15112,1.15054,1.15068,312
2025-06-18 11:20:00,1.15068,1.15072,1.15019,1.15029,232
2025-06-18 11:25:00,1.15029,1.1505,1.15019,1.15036,165
2025-06-18 11:30:00,1.15036,1.15068,1.15027,1.15041,247
2025-06-18 11:35:00,1.1504,1.15044,1.15008,1.15018,214
2025-06-18 11:40:00,1.15018,1.15029,1.14985,1.15027,206
2025-06-18 11:45:00,1.15027,1.1508,1.15017,1.15079,225
2025-06-18 11:50:00,1.15079,1.15079,1.15019,1.15033,265
2025-06-18 11:55:00,1.15033,1.15033,1.14994,1.15022,224
2025-06-18 12:00:00,1.15022,1.15047,1.15,1.15033,245
2025-06-18 12:05:00,1.15033,1.15055,1.15011,1.15022,225
2025-06-18 12:10:00,1.15022,1.15076,1.15007,1.15058,254
2025-06-18 12:15:00,1.15058,1.15092,1.15036,1.15078,246
2025-06-18 12:20:00,1.15078,1.15107,1.15075,1.15086,240
2025-06-18 12:25:00,1.15086,1.15089,1.15063,1.15086,219
2025-06-18 12:30:00,1.15086,1.15092,1.15042,1.15042,296
2025-06-18 12:35:00,1.15042,1.15079,1.15042,1.15068,247
2025-06-18 12:40:00,1.15068,1.15068,1.15033,1.15052,190
2025-06-18 12:45:00,1.15052,1.15053,1.15013,1.15034,224
2025-06-18 12:50:00,1.15034,1.15039,1.14997,1.15007,314
2025-06-18 12:55:00,1.15007,1.15054,1.14972,1.15038,276
2025-06-18 13:00:00,1.15038,1.15093,1.15022,1.15082,206
2025-06-18 13:05:00,1.15082,1.15102,1.15081,1.15092,184
2025-06-18 13:10:00,1.15092,1.15109,1.15061,1.15065,195
2025-06-18 13:15:00,1.15065,1.15089,1.15056,1.15077,213
2025-06-18 13:20:00,1.15077,1.15098,1.15068,1.15084,227
2025-06-18 13:25:00,1.15084,1.151,1.15071,1.15073,198
2025-06-18 13:30:00,1.15073,1.15073,1.15006,1.15021,266
2025-06-18 13:35:00,1.15021,1.15041,1.15015,1.1503,188
2025-06-18 13:40:00,1.1503,1.15048,1.15017,1.15022,173
2025-06-18 13:45:00,1.15022,1.15037,1.15016,1.1502,193
2025-06-18 13:50:00,1.1502,1.15021,1.14949,1.14956,263
2025-06-18 13:55:00,1.14956,1.14962,1.14918,1.14936,309
2025-06-18 14:00:00,1.14934,1.14957,1.14922,1.14931,237
2025-06-18 14:05:00,1.14931,1.14988,1.14928,1.14981,255
2025-06-18 14:10:00,1.14981,1.15002,1.14973,1.14994,155
2025-06-18 14:15:00,1.14994,1.14999,1.14968,1.14971,184
2025-06-18 14:20:00,1.14973,1.15003,1.1495,1.15002,204
2025-06-18 14:25:00,1.15002,1.15003,1.14943,1.14959,212
2025-06-18 14:30:00,1.14959,1.14979,1.14935,1.14963,298
2025-06-18 14:35:00,1.14963,1.14983,1.14936,1.14971,220
2025-06-18 14:40:00,1.14971,1.15021,1.1497,1.14994,190
2025-06-18 14:45:00,1.14994,1.15061,1.14991,1.1506,225
2025-06-18 14:50:00,1.15063,1.15063,1.15032,1.15044,214
2025-06-18 14:55:00,1.15045,1.15086,1.15044,1.15074,361
2025-06-18 15:00:00,1.15074,1.15085,1.15052,1.15076,327
2025-06-18 15:05:00,1.15076,1.15106,1.15076,1.1508,292
2025-06-18 15:10:00,1.1508,1.15128,1.1508,1.15113,237
2025-06-18 15:15:00,1.15113,1.15133,1.15093,1.15105,259
2025-06-18 15:20:00,1.15105,1.1515,1.15083,1.15148,248
2025-06-18 15:25:00,1.15148,1.15165,1.15115,1.15134,388
2025-06-18 15:30:00,1.15122,1.15133,1.15085,1.15133,376
2025-06-18 15:35:00,1.15133,1.15148,1.15101,1.15101,294
2025-06-18 15:40:00,1.15101,1.1512,1.15057,1.15057,251
2025-06-18 15:45:00,1.15057,1.15068,1.1501,1.15062,343
2025-06-18 15:50:00,1.15062,1.15078,1.15039,1.15061,269
2025-06-18 15:55:00,1.15061,1.15097,1.15054,1.15062,297
2025-06-18 16:00:00,1.15062,1.15067,1.15032,1.15034,257
2025-06-18 16:05:00,1.15035,1.15088,1.15032,1.15085,276
2025-06-18 16:10:00,1.15086,1.15088,1.15051,1.15054,275
2025-06-18 16:15:00,1.15052,1.15065,1.15025,1.15031,209
2025-06-18 16:20:00,1.15031,1.15036,1.14983,1.15,277
2025-06-18 16:25:00,1.15,1.15012,1.14981,1.15012,254
2025-06-18 16:30:00,1.15012,1.15012,1.1495,1.14956,402
2025-06-18 16:35:00,1.14956,1.14965,1.14904,1.14935,479
2025-06-18 16:40:00,1.14935,1.14963,1.14892,1.14929,388
2025-06-18 16:45:00,1.14929,1.14955,1.14901,1.14912,322
2025-06-18 16:50:00,1.14912,1.14959,1.14911,1.14933,404
2025-06-18 16:55:00,1.14933,1.14935,1.14883,1.14888,513
2025-06-18 17:00:00,1.14888,1.15228,1.14844,1.15192,798
2025-06-18 17:05:00,1.15193,1.15193,1.15068,1.15093,767
2025-06-18 17:10:00,1.15092,1.15203,1.15031,1.15163,530
2025-06-18 17:15:00,1.15163,1.15168,1.15059,1.1506,447
2025-06-18 17:20:00,1.1506,1.15157,1.15052,1.15077,554
2025-06-18 17:25:00,1.15077,1.15078,1.14978,1.1502,486
2025-06-18 17:30:00,1.1502,1.15065,1.14999,1.1504,440
2025-06-18 17:35:00,1.1504,1.15067,1.15003,1.15033,410
2025-06-18 17:40:00,1.15033,1.15057,1.15017,1.15037,487
2025-06-18 17:45:00,1.15037,1.15073,1.14974,1.15049,422
2025-06-18 17:50:00,1.15049,1.15108,1.15009,1.15107,519
2025-06-18 17:55:00,1.15107,1.15121,1.15067,1.15074,575
2025-06-18 18:00:00,1.15074,1.15142,1.15059,1.15142,410
2025-06-18 18:05:00,1.15142,1.15151,1.15129,1.15136,234
2025-06-18 18:10:00,1.15136,1.15151,1.15122,1.15138,260
2025-06-18 18:15:00,1.15138,1.1515,1.15113,1.15133,266
2025-06-18 18:20:00,1.15132,1.15197,1.15116,1.15181,357
2025-06-18 18:25:00,1.15181,1.15298,1.15151,1.15296,361
2025-06-18 18:30:00,1.15296,1.15303,1.15214,1.1522,374
2025-06-18 18:35:00,1.15221,1.15279,1.15206,1.15257,348
2025-06-18 18:40:00,1.15257,1.15271,1.15205,1.15225,307
2025-06-18 18:45:00,1.15225,1.15237,1.15208,1.15231,273
2025-06-18 18:50:00,1.15231,1.15253,1.15218,1.15236,233
2025-06-18 18:55:00,1.15237,1.15246,1.15187,1.15202,329
2025-06-18 19:00:00,1.15202,1.1525,1.15201,1.15235,302
2025-06-18 19:05:00,1.15234,1.15241,1.15215,1.15237,211
2025-06-18 19:10:00,1.15237,1.15252,1.15167,1.15171,257
2025-06-18 19:15:00,1.15171,1.15191,1.15152,1.15152,250
2025-06-18 19:20:00,1.15152,1.15174,1.15119,1.15126,238
2025-06-18 19:25:00,1.15126,1.15141,1.15112,1.15115,222
2025-06-18 19:30:00,1.15116,1.15138,1.151,1.1511,211
2025-06-18 19:35:00,1.1511,1.15112,1.1507,1.15094,221
2025-06-18 19:40:00,1.15094,1.15099,1.15064,1.15069,226
2025-06-18 19:45:00,1.15069,1.15069,1.15038,1.15048,171
2025-06-18 19:50:00,1.15048,1.15062,1.15031,1.15032,159
2025-06-18 19:55:00,1.15032,1.15041,1.15015,1.15031,170
2025-06-18 20:00:00,1.15031,1.15061,1.15029,1.15043,233
2025-06-18 20:05:00,1.15043,1.15088,1.15038,1.15088,141
2025-06-18 20:10:00,1.15088,1.15092,1.15055,1.15056,143
2025-06-18 20:15:00,1.15056,1.15067,1.15051,1.15061,112
2025-06-18 20:20:00,1.15061,1.15062,1.1501,1.15037,181
2025-06-18 20:25:00,1.15037,1.15051,1.15022,1.15025,132
2025-06-18 20:30:00,1.15025,1.15025,1.14974,1.14979,170
2025-06-18 20:35:00,1.14979,1.14979,1.14937,1.14946,128
2025-06-18 20:40:00,1.14946,1.14953,1.14881,1.14931,193
2025-06-18 20:45:00,1.14931,1.14978,1.14922,1.14968,159
2025-06-18 20:50:00,1.14968,1.15008,1.14953,1.14999,234
2025-06-18 20:55:00,1.14999,1.1501,1.14961,1.14961,246
2025-06-18 21:00:00,1.14957,1.15293,1.14952,1.15051,995
2025-06-18 21:05:00,1.15051,1.15209,1.15004,1.15129,913
2025-06-18 21:10:00,1.15131,1.15166,1.15077,1.15158,778
2025-06-18 21:15:00,1.15158,1.15184,1.15101,1.15109,690
2025-06-18 21:20:00,1.15109,1.1516,1.15065,1.15125,714
2025-06-18 21:25:00,1.15125,1.15155,1.15097,1.15121,541
2025-06-18 21:30:00,1.15122,1.15172,1.15082,1.15104,560
2025-06-18 21:35:00,1.15104,1.15132,1.14994,1.15041,695
2025-06-18 21:40:00,1.1504,1.15136,1.14965,1.14975,740
2025-06-18 21:45:00,1.14976,1.1502,1.14839,1.14869,716
2025-06-18 21:50:00,1.14868,1.14874,1.14744,1.14772,698
2025-06-18 21:55:00,1.1477,1.14789,1.14743,1.14747,583
2025-06-18 22:00:00,1.14753,1.14757,1.14613,1.14671,751
2025-06-18 22:05:00,1.1467,1.14723,1.1461,1.14647,561
2025-06-18 22:10:00,1.14648,1.14849,1.14633,1.14848,693
2025-06-18 22:15:00,1.14848,1.14877,1.14715,1.1472,692
2025-06-18 22:20:00,1.1472,1.14738,1.14656,1.14701,505
2025-06-18 22:25:00,1.14698,1.14719,1.14629,1.14668,461
2025-06-18 22:30:00,1.14668,1.1477,1.14637,1.1475,452
2025-06-18 22:35:00,1.1475,1.14772,1.14704,1.14714,331
2025-06-18 22:40:00,1.14714,1.1474,1.14683,1.14697,320
2025-06-18 22:45:00,1.14697,1.14697,1.14641,1.14658,322
2025-06-18 22:50:00,1.14659,1.14741,1.14659,1.14687,350
2025-06-18 22:55:00,1.14686,1.1476,1.14679,1.14745,307
2025-06-18 23:00:00,1.14745,1.14792,1.14722,1.14775,243
2025-06-18 23:05:00,1.14775,1.14778,1.14735,1.14748,157
2025-06-18 23:10:00,1.14748,1.14778,1.14748,1.1477,145
2025-06-18 23:15:00,1.1477,1.1479,1.14762,1.14789,129
2025-06-18 23:20:00,1.14789,1.1481,1.14789,1.14803,85
2025-06-18 23:25:00,1.14803,1.14822,1.14777,1.14784,183
2025-06-18 23:30:00,1.14784,1.14801,1.1478,1.14786,91
2025-06-18 23:35:00,1.14786,1.14841,1.14784,1.14841,134
2025-06-18 23:40:00,1.14841,1.14841,1.14796,1.14816,141
2025-06-18 23:45:00,1.14816,1.1482,1.14799,1.14817,195
2025-06-18 23:50:00,1.14818,1.14825,1.14794,1.14794,199
2025-06-18 23:55:00,1.14794,1.14834,1.14793,1.14832,220
2025-06-19 00:00:00,1.14771,1.14771,1.14705,1.14732,27
2025-06-19 00:05:00,1.14732,1.14791,1.14732,1.14791,53
2025-06-19 00:10:00,1.14791,1.14796,1.1477,1.14775,94
2025-06-19 00:15:00,1.14775,1.14783,1.1477,1.14775,40
2025-06-19 00:20:00,1.14775,1.14792,1.14758,1.14792,33
2025-06-19 00:25:00,1.14792,1.14792,1.14765,1.14766,21
2025-06-19 00:30:00,1.14766,1.14797,1.14747,1.14767,100
2025-06-19 00:35:00,1.14767,1.14786,1.14751,1.14781,65
2025-06-19 00:40:00,1.14781,1.14788,1.14767,1.14786,125
2025-06-19 00:45:00,1.14786,1.14794,1.14766,1.14768,115
2025-06-19 00:50:00,1.14768,1.14803,1.14768,1.14794,67
2025-06-19 00:55:00,1.14794,1.14819,1.14794,1.14808,91
2025-06-19 01:00:00,1.14808,1.14846,1.14805,1.14846,153
2025-06-19 01:05:00,1.14846,1.14888,1.14844,1.14881,63
2025-06-19 01:10:00,1.14881,1.14888,1.14868,1.14871,58
2025-06-19 01:15:00,1.14871,1.14887,1.14868,1.14884,69
2025-06-19 01:20:00,1.14884,1.1489,1.14868,1.14873,51
2025-06-19 01:25:00,1.14873,1.14874,1.14853,1.14872,87
2025-06-19 01:30:00,1.14872,1.14873,1.14843,1.14852,94
2025-06-19 01:35:00,1.14852,1.14857,1.14837,1.14843,147
2025-06-19 01:40:00,1.14843,1.14843,1.1483,1.14834,79
2025-06-19 01:45:00,1.14833,1.14834,1.14798,1.14798,70
2025-06-19 01:50:00,1.14798,1.14798,1.1475,1.14762,191
2025-06-19 01:55:00,1.14762,1.14804,1.1476,1.14803,116
2025-06-19 02:00:00,1.14803,1.14814,1.14771,1.1481,129
2025-06-19 02:05:00,1.1481,1.14817,1.14795,1.14798,103
2025-06-19 02:10:00,1.14798,1.14811,1.14783,1.14811,78
2025-06-19 02:15:00,1.14811,1.14812,1.14777,1.14807,59
2025-06-19 02:20:00,1.14807,1.14807,1.14751,1.14751,152
2025-06-19 02:25:00,1.14751,1.14752,1.14721,1.14724,181
2025-06-19 02:30:00,1.14724,1.1476,1.14711,1.14753,217
2025-06-19 02:35:00,1.14753,1.14766,1.14725,1.1476,112
2025-06-19 02:40:00,1.1476,1.14798,1.14758,1.14786,100
2025-06-19 02:45:00,1.14786,1.14798,1.14769,1.14776,137
2025-06-19 02:50:00,1.14776,1.14786,1.14739,1.14744,98
2025-06-19 02:55:00,1.14744,1.14782,1.14743,1.14761,120
2025-06-19 03:00:00,1.14761,1.14785,1.14748,1.14748,321
2025-06-19 03:05:00,1.14748,1.14786,1.14746,1.14766,229
2025-06-19 03:10:00,1.14766,1.14791,1.1476,1.14766,228
2025-06-19 03:15:00,1.14766,1.14768,1.14743,1.14753,225
2025-06-19 03:20:00,1.14753,1.14767,1.14742,1.1476,188
2025-06-19 03:25:00,1.1476,1.14794,1.14745,1.14782,194
2025-06-19 03:30:00,1.14782,1.14791,1.14753,1.14771,277
2025-06-19 03:35:00,1.14771,1.14796,1.14758,1.14795,237
2025-06-19 03:40:00,1.14795,1.14808,1.14772,1.14807,144
2025-06-19 03:45:00,1.14807,1.1481,1.14766,1.14799,181
2025-06-19 03:50:00,1.14799,1.14839,1.14785,1.14825,265
2025-06-19 03:55:00,1.14826,1.14826,1.14793,1.14811,237
2025-06-19 04:00:00,1.14811,1.14822,1.14716,1.14728,356
2025-06-19 04:05:00,1.14726,1.14728,1.14622,1.14677,598
2025-06-19 04:10:00,1.14677,1.14711,1.14655,1.14707,277
2025-06-19 04:15:00,1.14707,1.14763,1.14702,1.14742,297
2025-06-19 04:20:00,1.14742,1.14742,1.14668,1.14676,288
2025-06-19 04:25:00,1.14676,1.14699,1.14665,1.14678,222
2025-06-19 04:30:00,1.14678,1.14714,1.14641,1.14704,297
2025-06-19 04:35:00,1.14704,1.14706,1.14649,1.14655,273
2025-06-19 04:40:00,1.14655,1.14682,1.1463,1.14654,262
2025-06-19 04:45:00,1.14654,1.1466,1.14632,1.14659,217
2025-06-19 04:50:00,1.14659,1.14669,1.14634,1.14648,165
2025-06-19 04:55:00,1.14648,1.14648,1.14522,1.14532,324
2025-06-19 05:00:00,1.14532,1.14583,1.14529,1.14574,265
2025-06-19 05:05:00,1.14574,1.1458,1.14541,1.14552,253
2025-06-19 05:10:00,1.14553,1.14563,1.14527,1.14532,231
2025-06-19 05:15:00,1.14532,1.14572,1.1453,1.14544,170
2025-06-19 05:20:00,1.14544,1.14562,1.14526,1.14533,179
2025-06-19 05:25:00,1.14533,1.14544,1.14511,1.14517,271
2025-06-19 05:30:00,1.14517,1.1454,1.14506,1.14512,185
2025-06-19 05:35:00,1.14512,1.14534,1.14507,1.14533,109
2025-07-04 00:00:00,1.17562,1.17563,1.17541,1.17553,11
2025-07-04 00:05:00,1.17553,1.17584,1.17552,1.17552,21
2025-07-04 00:10:00,1.17584,1.17586,1.17522,1.17548,72
2025-07-04 00:15:00,1.17548,1.17548,1.17519,1.17531,53
2025-07-04 00:20:00,1.17531,1.17538,1.17502,1.17525,29
2025-07-04 00:25:00,1.17525,1.17534,1.17502,1.17534,33
2025-07-04 00:30:00,1.17534,1.17534,1.17502,1.17527,54
2025-07-04 00:35:00,1.17527,1.17563,1.17525,1.17556,121
2025-07-04 00:40:00,1.1756,1.17575,1.17557,1.17572,68
2025-07-04 00:45:00,1.17572,1.17573,1.17566,1.17567,11
2025-07-04 00:50:00,1.17567,1.17567,1.17564,1.17567,18
2025-07-04 00:55:00,1.17567,1.17572,1.17566,1.17567,38
2025-07-04 01:00:00,1.17567,1.1758,1.17542,1.17553,125
2025-07-04 01:05:00,1.17553,1.17573,1.17553,1.17556,79
2025-07-04 01:10:00,1.17556,1.17556,1.17538,1.1755,67
2025-07-04 01:15:00,1.1755,1.17571,1.17549,1.17567,69
2025-07-04 01:20:00,1.17567,1.17567,1.17554,1.17559,80
2025-07-04 01:25:00,1.17559,1.17569,1.17556,1.17559,61
2025-07-04 01:30:00,1.17559,1.17574,1.17555,1.17574,69
2025-07-04 01:35:00,1.17574,1.17576,1.17567,1.17574,66
2025-07-04 01:40:00,1.17574,1.17577,1.1756,1.1757,41
2025-07-04 01:45:00,1.1757,1.17579,1.17568,1.17578,31
2025-07-04 01:50:00,1.17578,1.1758,1.17574,1.17578,22
2025-07-04 01:55:00,1.17578,1.17595,1.17578,1.17595,36
2025-07-04 02:00:00,1.17595,1.17606,1.17566,1.17567,89
2025-07-04 02:05:00,1.17567,1.17597,1.1756,1.17593,38
2025-07-04 02:10:00,1.17593,1.17601,1.17585,1.176,45
2025-07-04 02:15:00,1.176,1.17603,1.17597,1.17597,35
2025-07-04 02:20:00,1.17597,1.17597,1.17587,1.17596,37
2025-07-04 02:25:00,1.17596,1.17625,1.17596,1.17621,71
2025-07-04 02:30:00,1.17621,1.17688,1.1762,1.17676,177
2025-07-04 02:35:00,1.17676,1.17682,1.17661,1.17675,79
2025-07-04 02:40:00,1.17675,1.17715,1.17674,1.1771,97
2025-07-04 02:45:00,1.1771,1.1771,1.17684,1.1769,67
2025-07-04 02:50:00,1.1769,1.17694,1.17676,1.17682,139
2025-07-04 02:55:00,1.17682,1.17713,1.17679,1.17692,152
2025-07-04 03:00:00,1.17692,1.17705,1.1768,1.17687,354
2025-07-04 03:05:00,1.17687,1.17691,1.17672,1.17684,254
2025-07-04 03:10:00,1.17684,1.17687,1.17661,1.17678,161
2025-07-04 03:15:00,1.17678,1.17703,1.17676,1.17699,157
2025-07-04 03:20:00,1.17699,1.17708,1.17671,1.17677,214
2025-07-04 03:25:00,1.17677,1.17678,1.17655,1.17674,166
2025-07-04 03:30:00,1.17674,1.17699,1.17664,1.17665,150
2025-07-04 03:35:00,1.17665,1.17678,1.17655,1.17676,152
2025-07-04 03:40:00,1.17676,1.17677,1.17642,1.17648,149
2025-07-04 03:45:00,1.17648,1.17662,1.17637,1.1765,167
2025-07-04 03:50:00,1.1765,1.17673,1.17648,1.17649,261
2025-07-04 03:55:00,1.17648,1.1767,1.17646,1.1767,162
2025-07-04 04:00:00,1.1767,1.17678,1.17648,1.17659,208
2025-07-04 04:05:00,1.17659,1.17685,1.17654,1.17654,213
2025-07-04 04:10:00,1.17654,1.17661,1.17638,1.17658,136
2025-07-04 04:15:00,1.17658,1.17696,1.17653,1.17687,191
2025-07-04 04:20:00,1.17687,1.17688,1.17646,1.1766,231
2025-07-04 04:25:00,1.1766,1.17661,1.17638,1.17648,214
2025-07-04 04:30:00,1.17647,1.17654,1.17629,1.1763,223
2025-07-04 04:35:00,1.17631,1.17631,1.17613,1.17619,158
2025-07-04 04:40:00,1.17619,1.17619,1.17578,1.1759,239
2025-07-04 04:45:00,1.1759,1.17597,1.17568,1.17586,187
2025-07-04 04:50:00,1.17586,1.1762,1.17583,1.17612,191
2025-07-04 04:55:00,1.17612,1.17612,1.1756,1.17596,287
2025-07-04 05:00:00,1.17596,1.1762,1.17596,1.17612,270
2025-07-04 05:05:00,1.17612,1.17629,1.17604,1.17622,151
2025-07-04 05:10:00,1.17622,1.17638,1.17617,1.17638,179
2025-07-04 05:15:00,1.17638,1.17663,1.1762,1.17647,157
2025-07-04 05:20:00,1.17647,1.17657,1.17641,1.17653,157
2025-07-04 05:25:00,1.17653,1.17679,1.17652,1.17676,152
2025-07-04 05:30:00,1.17677,1.17708,1.17677,1.17697,151
2025-07-04 05:35:00,1.17697,1.17697,1.17668,1.17683,98
2025-07-04 05:40:00,1.17683,1.17688,1.17673,1.17686,156
2025-07-04 05:45:00,1.17686,1.17686,1.17669,1.17672,70
2025-07-04 05:50:00,1.17672,1.17674,1.17654,1.17662,122
2025-07-04 05:55:00,1.17662,1.17674,1.17651,1.17654,136
2025-07-04 06:00:00,1.17654,1.17667,1.17644,1.17659,236
2025-07-04 06:05:00,1.17659,1.17666,1.17648,1.17666,101
2025-07-04 06:10:00,1.17666,1.17673,1.17659,1.17672,116
2025-07-04 06:15:00,1.17672,1.17716,1.17672,1.17698,133
2025-07-04 06:20:00,1.17698,1.17703,1.17681,1.17692,116
2025-07-04 06:25:00,1.17692,1.17695,1.17678,1.17683,90
2025-07-04 06:30:00,1.17683,1.17719,1.17683,1.1771,123
2025-07-04 06:35:00,1.1771,1.17726,1.17701,1.17722,147
2025-07-04 06:40:00,1.17722,1.17722,1.17692,1.17705,101
2025-07-04 06:45:00,1.17705,1.17721,1.17704,1.1771,98
2025-07-04 06:50:00,1.1771,1.17726,1.1771,1.17725,120
2025-07-04 06:55:00,1.17725,1.17726,1.17699,1.17703,149
2025-07-04 07:00:00,1.17703,1.17728,1.17692,1.17724,184
2025-07-04 07:05:00,1.17724,1.17751,1.17718,1.17747,114
2025-07-04 07:10:00,1.17747,1.17756,1.17721,1.17728,98
2025-07-04 07:15:00,1.17729,1.17743,1.17729,1.17738,82
2025-07-04 07:20:00,1.17738,1.17779,1.17735,1.17775,195
2025-07-04 07:25:00,1.17775,1.17779,1.17742,1.17745,114
2025-07-04 07:30:00,1.17745,1.17761,1.17733,1.17759,109
2025-07-04 07:35:00,1.17759,1.17789,1.17752,1.17789,143
2025-07-04 07:40:00,1.17789,1.17799,1.17783,1.17796,156
2025-07-04 07:45:00,1.17796,1.17797,1.17767,1.1778,127
2025-07-04 07:50:00,1.1778,1.17796,1.1777,1.17795,141
2025-07-04 07:55:00,1.17795,1.17803,1.17784,1.17802,110
2025-07-04 08:00:00,1.17802,1.17818,1.17799,1.17806,134
2025-07-04 08:05:00,1.17806,1.17827,1.17805,1.17812,133
2025-07-04 08:10:00,1.17815,1.17848,1.17815,1.17836,157
2025-07-04 08:15:00,1.17836,1.17845,1.17829,1.17834,107
2025-07-04 08:20:00,1.17834,1.17842,1.17829,1.17831,102
2025-07-04 08:25:00,1.17831,1.17841,1.17829,1.17835,154
2025-07-04 08:30:00,1.17835,1.17847,1.17808,1.17817,165
2025-07-04 08:35:00,1.17817,1.17856,1.17816,1.17855,126
2025-07-04 08:40:00,1.17855,1.17855,1.17836,1.1784,151
2025-07-04 08:45:00,1.1784,1.17851,1.17833,1.17843,136
2025-07-04 08:50:00,1.17843,1.17843,1.17828,1.17828,217
2025-07-04 08:55:00,1.17828,1.17851,1.17827,1.17841,221
2025-07-04 09:00:00,1.17842,1.17843,1.17761,1.17763,316
2025-07-04 09:05:00,1.17763,1.17791,1.1776,1.17775,209
2025-07-04 09:10:00,1.17775,1.17805,1.17757,1.17798,239
